name,email
Ashley,adurnall0@tmall.com
Ailey,adupre1@mapy.cz
Maridel,mleiden2@naver.com
Wilbert,wolesen3@hp.com
Carmina,cchitty4@reddit.com
Roderich,rdanzelman5@toplist.cz
Katinka,kbarby6@yahoo.co.jp
Ody,opriter7@ucsd.edu
Ulrika,ueynon8@loc.gov
Hali,hdowthwaite9@pbs.org
Harlen,hsamblesa@ucoz.ru
Ermentrude,etomasinob@about.me
Robbert,rreddellc@ocn.ne.jp
Orel,owolfendend@google.ru
Stepha,smattiussie@mlb.com
Griffin,gchantf@bluehost.com
Terry,tredmayneg@twitpic.com
Kyrstin,klovelaceh@elpais.com
Hulda,hbessi@myspace.com
Clim,cshutej@macromedia.com
Robbin,rbowmakerk@i2i.jp
Astra,ashepheardl@reuters.com
Francois,fdolemanm@flickr.com
Kristen,kmassinghamn@over-blog.com
Mareah,mnehlo@about.com
Larisa,lturesp@cisco.com
Charleen,cshearnq@bizjournals.com
Sabine,sninnisr@xinhuanet.com
Tudor,teastbrooks@fc2.com
Ynes,ypeeterst@china.com.cn
Cam,cdimmocku@seesaa.net
Eleen,emacmenaminv@bing.com
Baxie,bdjuricicw@google.co.jp
Salomon,sbafordx@blogspot.com
Quinlan,qschuttery@aol.com
Ashlie,aphebeyz@webmd.com
Petra,pquade10@auda.org.au
Petronia,purvoy11@i2i.jp
Mariejeanne,msambeck12@sogou.com
Malissa,melen13@yellowbook.com
Shepard,sreay14@clickbank.net
Maridel,molufsen15@dailymotion.com
Francklyn,fweatherley16@prnewswire.com
Dorris,dmeneely17@google.es
Rockie,rmosen18@google.fr
Toddie,tskingley19@dell.com
Joyce,jmilberry1a@google.pl
Nanice,ndeignan1b@arstechnica.com
Pablo,phinder1c@amazon.com
Jacqueline,jsouthan1d@upenn.edu
Fields,fcasillas1e@unesco.org
Daron,dulyet1f@usnews.com
Roselin,rblastock1g@4shared.com
Celeste,csaintsbury1h@mapy.cz
Berti,bkoch1i@miibeian.gov.cn
Andrew,agynne1j@apple.com
Etta,ecollingworth1k@tmall.com
Dietrich,drichardes1l@unblog.fr
Sylas,stomczykowski1m@foxnews.com
Madelina,mbartlet1n@tripadvisor.com
Leland,lcordy1o@ucoz.com
Evin,edifrisco1p@creativecommons.org
Randi,rdematteis1q@amazon.co.uk
Alessandra,awemm1r@loc.gov
Markus,mlumley1s@ebay.co.uk
Orsa,otolussi1t@comsenz.com
Laurie,lroulston1u@rakuten.co.jp
Melody,mreeson1v@icq.com
Sansone,sgorey1w@acquirethisname.com
Rita,rpilmoor1x@sciencedaily.com
Heather,hmalacrida1y@bandcamp.com
Jillayne,jlaughnan1z@kickstarter.com
Stormi,sthistleton20@princeton.edu
Janeva,jgritskov21@rakuten.co.jp
Stanford,sglison22@independent.co.uk
Fayette,fgrason23@cafepress.com
Oralle,omcconnachie24@twitpic.com
Sindee,ssatcher25@tripadvisor.com
Herculie,hhedditch26@blogtalkradio.com
Minna,mtall27@123-reg.co.uk
Dall,dyarnell28@nps.gov
Feodor,fmacian29@godaddy.com
Jojo,jclemmow2a@ca.gov
Carita,cchappelow2b@dmoz.org
Gilburt,gniesel2c@geocities.jp
Barn,bcapper2d@phoca.cz
Gilli,gowenson2e@odnoklassniki.ru
Teresa,tperrat2f@wikia.com
Laurette,llockley2g@reuters.com
Ruggiero,rskade2h@behance.net
Cheston,cnajera2i@guardian.co.uk
Lilah,lwillmott2j@goo.ne.jp
Gretal,gchecchetelli2k@google.co.uk
Kristos,khaack2l@smugmug.com
Chloe,chousam2m@tamu.edu
Adam,aholdin2n@sciencedirect.com
Boy,bgoldfinch2o@taobao.com
Haley,hkrook2p@seattletimes.com
Perrine,pbriddock2q@geocities.com
Mable,mblumire2r@php.net
Electra,egearty2s@myspace.com
Jemimah,jdonoghue2t@geocities.com
Aurilia,aspering2u@aol.com
Lazaro,lmcmichan2v@amazonaws.com
Liam,lswinburn2w@bluehost.com
Tiphani,tarmell2x@stanford.edu
Randolph,rzanotti2y@purevolume.com
Estella,ebeauly2z@lulu.com
Jacklin,jbrunnstein30@businessinsider.com
Micheline,mpavlenkov31@blinklist.com
Ediva,eridde32@go.com
Hasty,hbodycomb33@geocities.jp
Liv,lhawney34@ebay.com
Felicia,fslinger35@samsung.com
Pepita,pparmiter36@columbia.edu
Gibby,gbarck37@nba.com
Aurthur,apossel38@bloomberg.com
Arvie,aduchenne39@cyberchimps.com
Lorelei,lwhiles3a@360.cn
Eugen,efrancescone3b@parallels.com
Wally,whorsted3c@vistaprint.com
Lory,llye3d@ustream.tv
Cornie,cbourdice3e@amazonaws.com
Auria,awitt3f@cbsnews.com
Sigismond,sbielfeldt3g@hostgator.com
Levi,laveline3h@elegantthemes.com
Yolande,yjerdein3i@tiny.cc
Nathalie,ngothliff3j@canalblog.com
Michele,mmadgett3k@newsvine.com
Heda,hbettlestone3l@weather.com
Dina,drobertacci3m@51.la
Demetris,dcone3n@cargocollective.com
Skipp,sgrigorushkin3o@ucsd.edu
Wilek,wmcgarel3p@google.pl
Gabriellia,gkurtis3q@cbsnews.com
De,dkerans3r@omniture.com
Nikolai,nclitheroe3s@oracle.com
Clywd,cshepley3t@de.vu
Rebekkah,rfishleigh3u@indiegogo.com
Frank,fraffin3v@webeden.co.uk
Cicely,cgreystoke3w@tamu.edu
Salaidh,swhal3x@addtoany.com
Zorine,zdienes3y@usa.gov
Kele,kgabbetis3z@wisc.edu
Leeanne,lhadgkiss40@ask.com
Reinhard,rtesche41@simplemachines.org
Carlo,cmoneti42@studiopress.com
Rori,rjozefczak43@nasa.gov
Binky,bnutbeem44@cargocollective.com
Andrei,amccromley45@forbes.com
Yuri,ytipler46@examiner.com
Quill,qdonisi47@wsj.com
Rubetta,rjermin48@ibm.com
Bink,bponcet49@webeden.co.uk
Daphna,dyakovliv4a@slideshare.net
Amelita,awicks4b@rambler.ru
Gasparo,gclewer4c@narod.ru
Felix,fpedgrift4d@tinypic.com
Sharyl,shatwell4e@blogger.com
Leeland,ldudleston4f@intel.com
Gavrielle,gparrett4g@senate.gov
Almeta,ainseal4h@aol.com
Shaylynn,smayze4i@whitehouse.gov
Linn,lbullas4j@people.com.cn
Sallyann,stitterington4k@vk.com
Rachel,rswadon4l@aol.com
Vonny,vnicely4m@etsy.com
Garrick,gchanson4n@ow.ly
Alic,aaloigi4o@opensource.org
Arline,aslad4p@nature.com
Lewiss,lyurkiewicz4q@flickr.com
Erma,egillogley4r@hugedomains.com
Helaina,hshanklin4s@wiley.com
Lauren,llestrange4t@weebly.com
Brinna,bchuck4u@sitemeter.com
Huntlee,hkinkade4v@noaa.gov
Margalo,mfidgett4w@opensource.org
Lynett,lasch4x@nba.com
Benn,bfynes4y@twitpic.com
Hadlee,hhazelby4z@reddit.com
Madison,mmannie50@goo.ne.jp
Juieta,jbertouloume51@economist.com
Stephanus,sfaley52@nba.com
Carlin,cdonisthorpe53@theguardian.com
Yuma,yrosone54@wikispaces.com
Gwenni,gfysh55@salon.com
Davey,dkubanek56@netlog.com
Fallon,fmandres57@google.es
Paddy,pescreet58@about.me
Tiphani,tranahan59@unc.edu
Luis,lshipperbottom5a@flavors.me
Lucius,lmacbeth5b@usda.gov
Lloyd,ltinkler5c@bigcartel.com
Paulette,pgalbreth5d@discovery.com
Ainslee,acawdron5e@addtoany.com
Elston,eeisikowitch5f@twitpic.com
Daryn,dmitchard5g@independent.co.uk
Cristen,cevequot5h@constantcontact.com
Dallas,dglynne5i@simplemachines.org
Pearla,pdupree5j@prweb.com
Sam,sbreyt5k@addthis.com
Anderea,aguidone5l@hibu.com
Karlene,krocco5m@alibaba.com
Charo,cterbrug5n@state.tx.us
Frank,fnoteyoung5o@wufoo.com
Brandy,badamo5p@diigo.com
Gaylene,gcleever5q@msn.com
Melisandra,mdoughtery5r@google.fr
Jeth,jgoadsby5s@youtu.be
Mil,mlaming5t@reverbnation.com
Etienne,eeburah5u@cisco.com
Coralie,cbyron5v@linkedin.com
Carlita,cblaxter5w@berkeley.edu
Germana,gcasaccia5x@taobao.com
Faye,fmeikle5y@opera.com
Erick,everdun5z@yahoo.com
Dorree,dchesson60@livejournal.com
Hussein,hmcmorran61@spotify.com
Marjie,mpoupard62@youtu.be
Daniela,ddoul63@mapy.cz
Harriot,hbarbrook64@usgs.gov
Jill,jwhatson65@mayoclinic.com
Putnem,ppere66@digg.com
Hervey,homailey67@cam.ac.uk
Diena,dstuddert68@netvibes.com
Christophorus,cbickley69@wikia.com
Tony,tflaxman6a@archive.org
Rube,rbedford6b@example.com
Jenny,jdanilevich6c@barnesandnoble.com
Maximilian,mfulcher6d@businesswire.com
Damien,dhugues6e@china.com.cn
Garald,gstillgoe6f@studiopress.com
Bat,btopliss6g@drupal.org
Mikaela,mfollis6h@dmoz.org
Emile,ebunner6i@typepad.com
Mellisent,mkumaar6j@hhs.gov
Dionne,dgillaspy6k@cafepress.com
Jerad,jworvell6l@histats.com
Yuma,ydartan6m@webeden.co.uk
Teodorico,tantwis6n@whitehouse.gov
Dulcia,dschwanden6o@ibm.com
Nancee,nalexandrou6p@freewebs.com
Martie,mwheal6q@netscape.com
Benni,bmcgloin6r@sitemeter.com
Shelia,sjonah6s@uiuc.edu
Dorri,ddannel6t@buzzfeed.com
Josey,jlindenman6u@so-net.ne.jp
Tye,tdawney6v@cornell.edu
Mathilde,mhempshall6w@imageshack.us
Hildegarde,hforsythe6x@nydailynews.com
Gilberte,gsimpkiss6y@wisc.edu
Culver,cgratrex6z@dagondesign.com
Garrik,gheam70@hud.gov
Frants,fliles71@so-net.ne.jp
Roana,rleindecker72@addtoany.com
Roxane,rbrundell73@tripod.com
Austine,aparkinson74@answers.com
Meaghan,mstuchberry75@mtv.com
Ed,ehenner76@baidu.com
Howie,hcarff77@drupal.org
Molli,mmciver78@prlog.org
Nappie,npybus79@mlb.com
Haskel,harnout7a@nih.gov
Ivie,ijohannes7b@spiegel.de
Daffi,dpaxman7c@dailymotion.com
Bradley,bferrarone7d@naver.com
Jessamyn,jmensler7e@answers.com
Alleyn,aherity7f@usatoday.com
Costanza,cthomason7g@meetup.com
Samuel,syukhin7h@prlog.org
Park,pcuckson7i@jigsy.com
Parker,payres7j@hibu.com
Ardra,aricciardo7k@sbwire.com
Norry,nbumfrey7l@tripod.com
Hadrian,hmcsperrin7m@dropbox.com
Gearard,gpauli7n@nsw.gov.au
Silvia,spavitt7o@wix.com
Nolana,nbaudouin7p@loc.gov
Shanan,swoolam7q@photobucket.com
Clerkclaude,ccottill7r@nps.gov
Estelle,egreene7s@artisteer.com
Melisenda,mbedberry7t@howstuffworks.com
Michaelina,membery7u@pagesperso-orange.fr
Sarina,srenac7v@issuu.com
Calv,cstanion7w@sohu.com
Ferris,fpotzold7x@moonfruit.com
Daile,dricharson7y@intel.com
Cecil,cbeaven7z@mashable.com
Kizzee,kgullis80@ocn.ne.jp
Jobie,jmcmychem81@who.int
Briggs,bwaddingham82@bluehost.com
Guenna,glumsdall83@barnesandnoble.com
Dalila,dheindle84@1688.com
Tome,ttotterdell85@fema.gov
Kerk,kdisbury86@walmart.com
Matthaeus,mpick87@meetup.com
Rebbecca,rstclair88@wp.com
Elsi,esomerlie89@blog.com
Loretta,lovesen8a@wikimedia.org
Delia,dbaglin8b@apple.com
Jolyn,jphilipsen8c@kickstarter.com
Sue,sleverette8d@themeforest.net
Nanette,nblackstone8e@npr.org
Kain,kcostar8f@nifty.com
Brig,bpottell8g@slate.com
Kristin,kwetherell8h@yolasite.com
Kalil,kbrayley8i@yale.edu
Hi,hbusen8j@hc360.com
Bette-ann,bmayward8k@shareasale.com
Cosmo,cborborough8l@tamu.edu
Roderigo,rmewburn8m@si.edu
Adda,abibb8n@jigsy.com
Tony,tcapron8o@sogou.com
Cross,cwilkins8p@jugem.jp
Mignon,mluxford8q@ibm.com
Billi,bworviell8r@4shared.com
Jessy,jferruzzi8s@linkedin.com
Adara,acalbrathe8t@hexun.com
Bertie,bpetry8u@ftc.gov
Aubree,atweedie8v@is.gd
Salmon,sconklin8w@flickr.com
Marne,msmoughton8x@surveymonkey.com
Korey,kleuty8y@ucoz.com
Ciel,cgrigorushkin8z@weebly.com
Collete,chamnet90@blogtalkradio.com
Cacilie,cmair91@wordpress.com
Wilt,wedgerly92@wiley.com
Susie,smcaless93@ft.com
Russell,rlinacre94@paypal.com
Alfie,adashkov95@telegraph.co.uk
Jen,jgartell96@google.ca
Charline,cglenfield97@noaa.gov
Cosette,cmarsters98@mail.ru
Hollis,hmaplesden99@google.ca
Debee,dhlavac9a@biblegateway.com
Cassandra,cbrewood9b@usnews.com
Rosemaria,rbeiderbeck9c@squidoo.com
Martina,mliston9d@de.vu
Mycah,mboleyn9e@fotki.com
Monique,mgoodluck9f@addtoany.com
Kelsy,kroderigo9g@nih.gov
Melosa,mlattey9h@uol.com.br
Trudy,tsnasel9i@elegantthemes.com
Nikki,nshipp9j@wikia.com
Tab,tgeorghiou9k@last.fm
Kelcie,kmadsen9l@blogs.com
Leonanie,lplenty9m@wix.com
Virgilio,vghiron9n@last.fm
Bria,belverstone9o@amazon.co.jp
Inge,iduffet9p@spotify.com
Hendrika,hdunkerton9q@yandex.ru
Rikki,rdoel9r@stumbleupon.com
Mariann,mdiroberto9s@jigsy.com
Ward,wlibbie9t@hubpages.com
Dewie,dgrumley9u@nationalgeographic.com
Donella,dmerritt9v@mozilla.com
Adlai,abardwell9w@hibu.com
Ashley,amelmore9x@odnoklassniki.ru
Etty,emccrachen9y@icio.us
Morgan,mtruwert9z@economist.com
Karina,krenfreea0@berkeley.edu
Jamaal,jmaclisea1@utexas.edu
Amalle,alukehursta2@netlog.com
Faydra,foxbea3@ftc.gov
Dulcie,dhextera4@mayoclinic.com
Trude,tkearya5@amazonaws.com
Grace,gakehursta6@pcworld.com
Mellisent,mrollinga7@cafepress.com
Orran,ounitta8@comcast.net
Starla,sourtica9@miitbeian.gov.cn
Farris,fbernhardssonaa@usda.gov
Shirleen,saucourteab@shutterfly.com
Willard,wmcelvineac@mapy.cz
Sybille,smaddenad@live.com
Ginny,gmapowderae@hibu.com
Deane,dhullettaf@amazon.co.jp
Consalve,credanag@parallels.com
Ivie,ipolycoteah@shop-pro.jp
Dolorita,dtrevenai@unblog.fr
Guthrie,gcoulmanaj@networkadvertising.org
Addy,aplaunchak@opera.com
Becka,btrethowanal@t.co
Benjamen,bodoghertyam@springer.com
Sari,sblondellan@skype.com
Kyle,kdollarao@stanford.edu
Abe,amoraledaap@a8.net
Coraline,cfeatherstonaq@fotki.com
Olive,omcguffiear@slate.com
Joshuah,jblissas@microsoft.com
Cinda,cwilborat@fema.gov
Merry,mgarroodau@cisco.com
Cecilia,cbeltznerav@shareasale.com
Rex,rbendsonaw@ehow.com
Nonah,nproschekax@oakley.com
Darlene,dhileyay@blogs.com
Trevar,trudramaz@arstechnica.com
Bent,bpahlerb0@freewebs.com
Hattie,hthameltb1@exblog.jp
Kitty,korfordb2@ibm.com
Clive,capdellb3@dagondesign.com
Curtice,cheathornb4@usda.gov
Terrye,tjeacopb5@bbb.org
John,jadamskib6@blogspot.com
Ange,apossab7@merriam-webster.com
Georges,gstartenb8@latimes.com
Camala,cradwellb9@washington.edu
Perle,ptubbba@cam.ac.uk
Ashla,awardalebb@fc2.com
Jock,jheinzbc@wikispaces.com
Anderea,asweatingbd@macromedia.com
Cob,cgypsonbe@usa.gov
Noach,ntrailbf@exblog.jp
Frayda,flillegardbg@webmd.com
Jarrod,jmcgaugheybh@canalblog.com
Pavlov,pdenisovichbi@indiatimes.com
Brew,bvigorsbj@trellian.com
Ian,iletessierbk@ifeng.com
Wildon,wgreensetbl@foxnews.com
Georgeanne,ghucksteppbm@disqus.com
Avivah,asleathbn@psu.edu
Trude,tmcpakebo@stumbleupon.com
Walther,wmattingsonbp@furl.net
Maynard,mkiellorbq@linkedin.com
Demetra,dlamkebr@soup.io
Arlen,aleghbs@bbc.co.uk
Brear,bvynardebt@t-online.de
Bern,backrillbu@blogtalkradio.com
Briny,bpennicardbv@earthlink.net
Shani,sbreenbw@timesonline.co.uk
Berthe,bmyottbx@macromedia.com
Gannon,glecordierby@wired.com
Dukie,dorringbz@nsw.gov.au
Letizia,lbramallc0@lulu.com
Diena,dhunc1@sphinn.com
Lemar,lpetzoltc2@businessinsider.com
Nananne,npaslowc3@phpbb.com
Hakim,hvasyaninc4@xing.com
Dredi,dkayesc5@about.com
Bendicty,bginglesc6@istockphoto.com
Staford,ssteersc7@indiatimes.com
Leonanie,lfranschinic8@4shared.com
Fanchon,flinsteadc9@dion.ne.jp
Dickie,dkernesca@who.int
Kara-lynn,kheliancb@weibo.com
Carmine,cpentlowcc@soundcloud.com
Terry,tbillincd@jigsy.com
Chrissy,ccogince@baidu.com
Marchall,mcoppingcf@omniture.com
Alfonse,aeptoncg@cloudflare.com
Lise,lhabishawch@cocolog-nifty.com
Lorin,lmahargci@arstechnica.com
Analiese,ashoreycj@mail.ru
Alethea,aboscheck@theatlantic.com
Corabelle,cfrowcl@weather.com
Shem,soculligancm@newyorker.com
Stavros,sannablecn@g.co
Carny,cmillhillco@amazon.com
Aline,alarozecp@facebook.com
Charmine,cbrooksoncq@oracle.com
Vernice,vthonasoncr@goodreads.com
Cecil,ckleinplatzcs@pbs.org
Kaine,kdavagect@auda.org.au
Creight,cbarrattcu@icio.us
Freeland,fgarciacv@geocities.com
Gardy,gantonellicw@ihg.com
Sybila,smacneelycx@tinyurl.com
Wendye,wchampnesscy@biglobe.ne.jp
Hedvige,hatherleycz@facebook.com
Kylie,kstockd0@homestead.com
Javier,jweaferd1@cnn.com
Frankie,fperksd2@goo.ne.jp
Rita,rmossd3@theatlantic.com
Katina,kdohrd4@yahoo.com
Gasparo,gwigfieldd5@nba.com
Ricardo,rpoynterd6@dailymail.co.uk
Noelle,ncubuzzid7@wp.com
Coriss,cboord8@businessweek.com
Tilly,tbeninid9@answers.com
Nicolais,njamesonda@spotify.com
Ruthann,rscholardb@pinterest.com
Debor,dbroadberedc@joomla.org
Dinnie,dlehriandd@wikia.com
Otes,oalbasinide@exblog.jp
Jere,jburnsydedf@blogger.com
Errol,ejillingsdg@goo.gl
Elmira,esaziodh@telegraph.co.uk
Heath,hsekulladi@nydailynews.com
Hobey,hmanwaringdj@seesaa.net
Maddy,mghilksdk@pinterest.com
Marielle,mbotedl@disqus.com
Haze,hjohnseedm@newsvine.com
Caren,cmatthesiusdn@army.mil
Dietrich,dcaddando@bigcartel.com
El,ebankhurstdp@phoca.cz
Myrle,mminettedq@google.ca
Dominga,ddalyelldr@cam.ac.uk
Genna,gfantinds@4shared.com
Sadie,sthewlessdt@rambler.ru
Viviyan,vclackersdu@businessinsider.com
Hamilton,hbankedv@walmart.com
Erek,egunbydw@com.com
Elmo,egilliamdx@plala.or.jp
Noellyn,ncaudrelierdy@joomla.org
Mallory,mkerblerdz@marriott.com
Shellysheldon,sbuchere0@tamu.edu
Cecil,cbusaine1@cnn.com
Porter,pcatoe2@dailymail.co.uk
Sherlock,sdilstone3@cpanel.net
Brant,bparamane4@ameblo.jp
Coral,chigforde5@dion.ne.jp
Brandea,bsturdye6@bloglines.com
Carlos,chattiffe7@storify.com
Lanie,ltaige8@sourceforge.net
Eldridge,ebuyerse9@so-net.ne.jp
Laraine,lrosternea@dell.com
Glenine,ggallemoreeb@joomla.org
Elinore,eoultramec@home.pl
Catharina,cmaryined@amazon.de
Janean,jnolanee@unesco.org
Riki,roldredef@zimbio.com
Sharon,sgironeeg@taobao.com
Ninetta,nrisbridgeeh@dailymail.co.uk
Crista,cmooreyei@dmoz.org
Sue,scohanej@theatlantic.com
Langston,ldareyek@washingtonpost.com
Dionisio,ddelgadilloel@cloudflare.com
Alvina,afarrellem@sina.com.cn
Delly,dcoldridgeen@pen.io
Florella,fpepperralleo@aol.com
Lydie,lblackhamep@ovh.net
Kassey,kgoodrameq@imgur.com
Michaelina,meaveser@free.fr
Hasheem,hbeethames@surveymonkey.com
Rebecka,rclaypooleet@artisteer.com
Leena,lmacdunleavyeu@plala.or.jp
Muffin,mloughanev@zdnet.com
Nobe,npirelliew@wufoo.com
Courtney,ceverleyex@state.tx.us
Kristin,kstruttmaney@ustream.tv
Marie-jeanne,mspinolaez@twitpic.com
Margaux,mwabbf0@people.com.cn
Vassily,vsymcoxf1@typepad.com
Jacquetta,jbasilonef2@homestead.com
Viole,vclowsleyf3@ow.ly
Lyda,lbeeresf4@a8.net
Elnore,egrundellf5@1688.com
Odey,oraithbyf6@answers.com
Ban,btroubridgef7@barnesandnoble.com
Niki,nsanderf8@etsy.com
Orlan,otinemanf9@ca.gov
Filmore,fasliefa@dion.ne.jp
Lewiss,lnodesfb@un.org
Marena,mmassingberdfc@geocities.jp
Gayleen,gsitlingtonfd@mayoclinic.com
Dulcea,ddruhanfe@newyorker.com
Murielle,mmartinieff@gov.uk
Joellyn,jgamefg@angelfire.com
Warde,wginsiefh@qq.com
Allegra,asacherfi@ebay.co.uk
Debbi,dkiggelfj@elegantthemes.com
Hewitt,hfoysterfk@washingtonpost.com
Jemie,jwaelandfl@yahoo.com
Millicent,mkindreadfm@wp.com
Cherise,cvarrowfn@smugmug.com
Connor,cgrayshanfo@businesswire.com
Coleen,cbucknillfp@fotki.com
Molly,mlichtfothfq@dedecms.com
Melinda,mferniefr@plala.or.jp
Liana,lchessilfs@tuttocitta.it
Zarah,zcobbledickft@parallels.com
Allie,asergeauntfu@webs.com
Kamila,kscrewtonfv@vistaprint.com
Beitris,bkrzysztoffw@gravatar.com
Ewell,edailyfx@yellowpages.com
Quintus,qfullegarfy@typepad.com
Elisabet,ebartholomewfz@lulu.com
Tabbie,trodenhurstg0@smugmug.com
Annamarie,avanzong1@ucsd.edu
Ellette,edufaireg2@indiatimes.com
Clement,cduplang3@guardian.co.uk
Stephi,smahadyg4@feedburner.com
Andriana,amcilmurrayg5@xrea.com
Marlon,mbengtssong6@stanford.edu
Berte,bringwoodg7@fastcompany.com
Shepherd,scameranag8@mapy.cz
Nefen,ngulliverg9@imageshack.us
Elora,ekirbyga@plala.or.jp
Brett,bhanneygb@networkadvertising.org
Greg,gattersollgc@hexun.com
Addi,atriggelgd@people.com.cn
Hobie,hfishburnge@artisteer.com
Stearn,sstodegf@1688.com
Wood,wshipmangg@google.nl
Josepha,jnisslegh@usa.gov
Franzen,fmenlowgi@amazon.co.uk
Rance,rpilbeamgj@umich.edu
Fernanda,frapigk@yandex.ru
Damara,dmatfieldgl@a8.net
Cyrille,cjurisgm@infoseek.co.jp
Gwenore,gambrosinign@who.int
Renaud,rpanasgo@kickstarter.com
Farand,foffordgp@gizmodo.com
Gussy,gfazackerleygq@spotify.com
Melloney,mhanwellgr@wsj.com
Minnnie,mholseygs@vk.com
Rik,rbaissgt@multiply.com
Neall,ngrossiergu@icio.us
Julie,jdanahergv@scientificamerican.com
Calhoun,cwegmangw@photobucket.com
Adham,amityukovgx@1688.com
Selinda,sharbagegy@cocolog-nifty.com
Philippine,pwedmoregz@sogou.com
Cherish,cexallh0@youtu.be
Prue,psilversonh1@abc.net.au
Virginia,vmarjanovich2@jiathis.com
Pyotr,pcortonh3@yelp.com
Hyatt,haronowh4@moonfruit.com
Dacie,dthursbyh5@fotki.com
Francois,fbeineh6@booking.com
Chelsea,cballentimeh7@meetup.com
Koressa,kgallagerh8@instagram.com
Christyna,ctrenholmh9@mashable.com
Merna,mkwiekha@ibm.com
Danna,dferronierhb@icio.us
Roze,rbeddowhc@businesswire.com
Roobbie,rosharryhd@businesswire.com
Ferdy,fbynehe@weather.com
Jessamyn,jdablinhf@homestead.com
Dennet,dwildgoosehg@instagram.com
Pippa,ppretohh@sina.com.cn
Leupold,lskechleyhi@admin.ch
Corie,cramhj@skyrock.com
Debbi,dbracchihk@npr.org
Lyndsey,ldighthamhl@nps.gov
Lewes,lcardinalhm@mysql.com
Viole,vspaceyhn@theglobeandmail.com
Arri,avallintineho@adobe.com
Yves,ybrumenhp@g.co
Marjorie,mhaggushq@studiopress.com
Sherri,sboulgerhr@behance.net
Merralee,mlombardhs@ihg.com
Keefer,kpetrolht@seesaa.net
Buiron,bbisikerhu@va.gov
Ammamaria,ayeolandhv@google.ca
Carmella,cdommetthw@dot.gov
Siana,srashhx@springer.com
Karine,ksyretthy@fema.gov
Sigfrid,sfroodhz@lulu.com
Dillon,dwearni0@rakuten.co.jp
Mahmoud,mjoddensi1@barnesandnoble.com
Rosy,rphilipeauxi2@gov.uk
Ralf,rhairei3@gov.uk
Monica,msporlei4@geocities.com
Celle,clahrsi5@about.me
Arda,apopelayi6@weather.com
Zacharias,znavani7@list-manage.com
Sheelagh,spainteri8@is.gd
Viv,vkeepi9@mlb.com
Marcelline,mwilsonia@instagram.com
Chickie,corganerib@nationalgeographic.com
Serge,skeuningic@blinklist.com
Walt,wlongdonid@jigsy.com
Wrennie,wdesforgesie@businesswire.com
Micaela,mskamellif@senate.gov
Lucius,lfennaig@4shared.com
Magnum,mdowtryih@constantcontact.com
Maude,mbitchenoii@goo.gl
Clay,ctuisonij@cbc.ca
Malchy,mchyuertonik@ucoz.com
Lyndel,lattridgeil@wsj.com
Helsa,hwyardim@mlb.com
Seumas,svigerin@dailymotion.com
Howie,hnoonanio@washingtonpost.com
Anita,aeslingerip@house.gov
Helaina,hnickersoniq@ed.gov
Debbi,dcastroir@dion.ne.jp
Pattie,pcarbertis@over-blog.com
Rabi,rhartrightit@theglobeandmail.com
Alasteir,arojasiu@xrea.com
Parrnell,pstledgeriv@dedecms.com
Kirstin,kottiwilliw@cmu.edu
Saunder,stwyfordix@shareasale.com
Brana,bmoseleyiy@desdev.cn
Ricoriki,rdodsiz@163.com
Bran,blubomirskij0@diigo.com
Carie,cgreenliesj1@ucla.edu
Laetitia,lskillernj2@wikia.com
Annabela,acoalej3@mit.edu
Cynde,cdecarloj4@google.com
Rolf,rcocksonj5@columbia.edu
Pennie,pandreasj6@google.com.au
Peterus,pabramsj7@wunderground.com
Drew,dpetranekj8@patch.com
Agnese,ajenkenj9@imageshack.us
Harli,hschwandtja@huffingtonpost.com
Fernande,feppjb@google.nl
Emmanuel,ebakejc@amazon.de
Mildrid,mprudencejd@unc.edu
Wolf,wgogartyje@nbcnews.com
Mayor,mwresselljf@github.com
Reba,rgarrodjg@intel.com
Loralie,lharradjh@economist.com
Merna,mduthyji@nsw.gov.au
Mannie,msolomonidesjj@utexas.edu
Tito,tratleejk@w3.org
Emylee,etantjl@163.com
Kare,kgowdiejm@merriam-webster.com
Melisent,mspoonerjn@mlb.com
Fifi,fsmalridgejo@spiegel.de
Gertrude,gdummiganjp@fastcompany.com
Andrei,akubesjq@loc.gov
Haze,hbaakejr@soup.io
Ludwig,lmoffjs@webeden.co.uk
Halimeda,hfairliejt@youtu.be
Kristien,kgoadbieju@businesswire.com
Gordon,gpolojv@feedburner.com
Howie,hbumpusjw@amazon.co.uk
Fred,fscatesjx@tamu.edu
Dori,dnovisjy@marketwatch.com
Kailey,kgamlenjz@timesonline.co.uk
Christabel,cmarflittk0@stumbleupon.com
Joel,jworsallsk1@ameblo.jp
Myranda,mbeavonk2@amazon.de
Nigel,nlayburnk3@miibeian.gov.cn
Neal,nsimminsk4@twitter.com
Ingaberg,ithorpk5@google.cn
Kizzie,kdensumbek6@boston.com
Cortney,cbindonk7@google.com.au
Charley,ccooringtonk8@toplist.cz
Corina,cschroterk9@gravatar.com
Milt,mtubbleska@cloudflare.com
Alphard,ajinkinskb@whitehouse.gov
Aliza,abrechekc@umich.edu
Bab,bpettkd@google.fr
Marcel,mmacaskillke@discuz.net
Christoforo,cochiltreekf@wikimedia.org
Mathe,mdovingtonkg@tripod.com
Cele,cpaschokh@walmart.com
Chloette,cmcilmorowki@vinaora.com
Cecilia,cohickeykj@instagram.com
Willdon,wcarcaskk@bbb.org
Lonnard,lwalerankl@cnn.com
Gustave,gblaxtonkm@networkadvertising.org
Johann,jcordobeskn@facebook.com
Ansel,acolegroveko@ucoz.ru
Kirstin,khoustonkp@howstuffworks.com
Ajay,acranhamkq@newsvine.com
Ruthanne,rgothliffkr@gizmodo.com
Gweneth,ggonzalesks@odnoklassniki.ru
Tucky,tmckernonkt@imdb.com
Tanner,tskinnku@tinypic.com
Trix,theminsleykv@theglobeandmail.com
Letta,lpechetkw@theatlantic.com
Devy,diblekx@elpais.com
Brittni,bpantlingky@umich.edu
Erek,etilmouthkz@mtv.com
Ase,acastillal0@washington.edu
Madlen,mpadillol1@tumblr.com
Kalila,kvigiettil2@pagesperso-orange.fr
Ali,arabatl3@intel.com
Sharleen,spimlockl4@sohu.com
Georgena,gjobbinsl5@ihg.com
Dorette,dzanettil6@domainmarket.com
Vera,vhanlonl7@bbb.org
Nickie,ngerardeauxl8@deliciousdays.com
Kennie,kwatchornl9@google.co.jp
Lane,ltschiraschela@sciencedirect.com
Ashlie,alightbournelb@washingtonpost.com
Farrel,foakenfulllc@macromedia.com
Elsworth,edreganld@mlb.com
Zackariah,zcauserle@utexas.edu
Byrom,bmolfinolf@xinhuanet.com
Calley,clyndonlg@hubpages.com
Konstantine,kdodimeadlh@omniture.com
Demetri,dkembryli@mlb.com
Rhianon,rgarbottlj@go.com
Job,jdecastelainlk@auda.org.au
Hildegarde,hleaverll@booking.com
Dagmar,dmirrallslm@independent.co.uk
Elisabet,equilkinln@cocolog-nifty.com
Monroe,mhalmlo@columbia.edu
Rhianna,rtanbylp@cbslocal.com
Marna,molagenelq@woothemes.com
Guy,gokanelr@phoca.cz
Karol,kelsterls@cocolog-nifty.com
Casey,chailstonlt@tmall.com
Atlanta,asemplelu@theguardian.com
Orsola,odiegolv@hao123.com
Powell,phullinslw@google.com.br
Wynne,wbruninilx@stumbleupon.com
Solomon,slaidlerly@marketwatch.com
Marlowe,mguinnanelz@upenn.edu
Will,whuem0@virginia.edu
Brenda,bcorfieldm1@cam.ac.uk
Aindrea,aphillippom2@goo.ne.jp
Ame,astrutem3@discovery.com
Shannan,sbjerkanm4@quantcast.com
Randy,rharrym5@noaa.gov
Cynthie,codonohuem6@youku.com
Deanna,dfaussetm7@wufoo.com
Verney,vdaubneym8@stanford.edu
Torrie,tgrandisonm9@amazon.co.uk
Ira,imcgouganma@hud.gov
Harold,hpattiemb@theglobeandmail.com
Fawn,falsteadmc@paginegialle.it
Pace,pmilnemd@sphinn.com
Kerri,krotherame@psu.edu
Maurits,mtansleymf@unc.edu
Jorgan,jyakuninmg@netlog.com
Jarrod,jstrongemh@forbes.com
Ashbey,apattendenmi@spiegel.de
Flore,fmaclachlanmj@canalblog.com
Chicky,clanghornmk@people.com.cn
Raul,rcornhillml@cbsnews.com
Garald,glegonidecmm@people.com.cn
Kirk,kelgeemn@tmall.com
Andy,akidwellmo@yale.edu
Clary,craybouldmp@bbb.org
Nedi,nnicholsmq@theglobeandmail.com
Ravi,rsantoramr@gravatar.com
Rosamond,rortmannms@army.mil
Si,sedisonmt@samsung.com
Bren,bseeksmu@nsw.gov.au
Diane-marie,dmorduemv@dagondesign.com
Lesli,lscarlinmw@abc.net.au
Eolanda,esorsbiemx@phoca.cz
Ronald,rgaynsfordmy@wufoo.com
Guntar,gdeavesmz@example.com
Bartholomew,bfaggn0@japanpost.jp
Bruis,bhowkinsn1@upenn.edu
Leora,lcremern2@zimbio.com
Simeon,sjachimczakn3@g.co
Bo,bcheckleyn4@google.es
Harriett,hswyndleyn5@paypal.com
Anatola,atoffetton6@yelp.com
Willis,wganforthen7@dropbox.com
Tiffi,tkeedyn8@jugem.jp
Oralle,ovaann9@nba.com
Alec,aleninna@pcworld.com
Ryan,rkeaysellnb@dailymail.co.uk
Gladi,gcovenc@nasa.gov
Heall,hbreedernd@godaddy.com
Arabelle,amayoune@thetimes.co.uk
Hilde,hleighnf@oaic.gov.au
Rikki,rsigginsng@businessinsider.com
Ezra,echooternh@etsy.com
Mel,mdrinanni@sourceforge.net
Dani,dpawelleknj@phpbb.com
Jocko,jdymocknk@sciencedirect.com
Emilio,eschulzenl@reverbnation.com
Starr,ssalsburynm@yale.edu
Roldan,rtapinnn@time.com
Charline,ccalvenno@themeforest.net
Tasia,tmcclenaghannp@topsy.com
Yank,ylaidlernq@hexun.com
Arlyne,asharpnr@wordpress.com
Derrick,dgrzeszczykns@google.com
Corissa,csegarnt@rambler.ru
Ives,ialibertinu@washington.edu
Othilie,oharbornv@privacy.gov.au
Elianore,ehallwoodnw@wix.com
Dalton,dgiovanardinx@chicagotribune.com
Lucia,lsymonesny@toplist.cz
Zea,zbroomnz@a8.net
Homer,hmallabundo0@hostgator.com
Bogart,breddelo1@homestead.com
Bowie,bfullbrooko2@t-online.de
Bellanca,bgaspardo3@reddit.com
Kelli,khebbleo4@facebook.com
Stafani,sseckingtono5@seattletimes.com
Reeba,rfaichneyo6@simplemachines.org
Cara,chalfacreeo7@miibeian.gov.cn
Walsh,wcapeo8@dmoz.org
Mariska,mwolferso9@google.com
Zia,zhowieoa@yale.edu
Vivienne,vfraysob@jalbum.net
Holmes,hmenhcioc@howstuffworks.com
Henry,hfundellod@netlog.com
Kort,kbonannooe@disqus.com
Austin,aoelsof@utexas.edu
Micah,mpuzeyog@surveymonkey.com
Magdaia,mrideloh@earthlink.net
Everett,etoplissoi@parallels.com
Christabella,cdennerleyoj@theguardian.com
Robyn,rabbatucciok@jimdo.com
Kory,kvenediktovol@si.edu
Daisey,dlangstoneom@ow.ly
Sasha,sfullerloveon@springer.com
Janeen,jaugaroo@dell.com
Dominique,ddrewcliftonop@epa.gov
Teresita,tsharvilleoq@t-online.de
Augustina,akunor@yolasite.com
Devlin,dcrosioos@statcounter.com
Salomone,sfrenchumot@studiopress.com
Melva,mscobleou@diigo.com
Lotte,lhauckeov@unesco.org
Jacquenette,jedelheitow@house.gov
Clive,cdursleyox@pen.io
Jarrad,jbondesenoy@nature.com
Hercules,hantoniewskioz@ihg.com
Jolyn,jdallaghanp0@spiegel.de
Zena,zabsalomp1@google.de
Krishna,kcrockleyp2@delicious.com
Glen,gducketp3@salon.com
Corella,coneillp4@google.fr
Cathe,cchmielp5@bravesites.com
Pennie,pwarlowp6@dell.com
Rodolphe,rheditchp7@purevolume.com
Jennine,jkellp8@wisc.edu
Sharline,swoodroofp9@google.cn
Brenn,bdionisiipa@dailymotion.com
Hy,hricardspb@hhs.gov
Lorant,lcosgravepc@jiathis.com
Hedda,hfullmanpd@noaa.gov
Nannette,nsimaope@ask.com
Forbes,fivermeepf@yahoo.com
Wernher,wgorbellpg@blinklist.com
Corbett,cpondjonesph@accuweather.com
Jenn,jmccumeskypi@prnewswire.com
Morley,mmearspj@marketwatch.com
Ciro,cpischoffpk@twitpic.com
Chandra,citzkinpl@furl.net
Olivette,oshorbrookpm@blogspot.com
Lavinie,lfauningpn@yelp.com
Woody,wdenerleypo@bigcartel.com
Earle,ejanodetpp@google.it
Mandel,mcutridgepq@blogtalkradio.com
Livvie,lackeroydpr@dell.com
Nady,navramovitzps@vk.com
Richardo,rkervinpt@yellowbook.com
Archie,acapeypu@slashdot.org
Lovell,lcushworthpv@jimdo.com
Roseanne,rhogganpw@howstuffworks.com
Giustino,glarmetpx@pinterest.com
Karalynn,kbeddispy@amazon.co.uk
Port,ptreasurepz@sourceforge.net
Tiebout,tchavrinq0@nasa.gov
Janos,jsherringhamq1@yellowbook.com
Monro,mwalshq2@gmpg.org
Myrilla,mtattamq3@boston.com
Carolina,ccastanoq4@de.vu
Aube,abenedyktowiczq5@hostgator.com
Theo,thayneq6@huffingtonpost.com
Charlene,cbowartq7@spotify.com
Fons,ftrueq8@slate.com
Anna-maria,amaldenq9@ucoz.ru
Gus,gsawkinsqa@wsj.com
Marney,msouthornqb@example.com
Lolly,lwhitlandqc@craigslist.org
Raye,rboswardqd@baidu.com
Shepperd,sbreawoodqe@google.co.uk
Margy,mambergerqf@flavors.me
Lida,lraimanqg@rediff.com
Dorothee,drosenthalerqh@java.com
Odelle,oilyuchyovqi@sina.com.cn
Dell,dfulkerqj@sfgate.com
Sarette,smaiorqk@squarespace.com
Nicola,nwishamql@weebly.com
Nomi,nshippeyqm@unc.edu
Coraline,cgoroniqn@dyndns.org
Miles,mhastwallqo@fc2.com
Sidoney,shogginqp@rambler.ru
Nanine,nharkessqq@unesco.org
Timotheus,tbrodleyqr@apache.org
Reinold,rakehurstqs@dedecms.com
Gipsy,gyakolevqt@sciencedaily.com
Ramona,rcraythornqu@tinypic.com
Joaquin,jcastelynqv@cam.ac.uk
Missy,mverriourqw@sohu.com
Zebedee,zbarthelmeqx@usa.gov
Dinnie,dminnisqy@netlog.com
Angeline,aruttyqz@vinaora.com
Rea,rmcclintonr0@phoca.cz
Finn,fscreachr1@rambler.ru
Linoel,lilyinr2@gnu.org
Ruthe,rwooddisser3@nationalgeographic.com
Marielle,mwillemanr4@prweb.com
Shandra,sstowersr5@newyorker.com
Abel,aalchinr6@domainmarket.com
Marchall,mpavier7@yahoo.com
Winny,wdawidowskyr8@ucla.edu
Connor,cblakesleyr9@businessweek.com
Elsie,eomohunra@accuweather.com
Barth,bmathiotrb@360.cn
Jaine,jgruszeckirc@msu.edu
Kristel,kchengrd@ameblo.jp
Nicolas,nwintersre@foxnews.com
Miner,mbullerwellrf@npr.org
Rosene,rcarnihanrg@behance.net
Aimil,amcwatersrh@phpbb.com
Anissa,acolcloughri@xrea.com
Elbertine,estinchcomberj@craigslist.org
Lulu,loenerk@amazonaws.com
Cathi,cbussellrl@springer.com
Judy,jmunningsrm@about.com
Dalton,doolahanrn@goo.gl
Emalia,efosberryro@trellian.com
Cathyleen,cvasyaninrp@hatena.ne.jp
Tibold,tchesterrq@1688.com
Siddhartha, siddharthadhakall3722@gmail.com
